{
  "config": "Baseline (\u65e0\u4f18\u5316)",
  "total_time": 2.609866142272949,
  "tokens_per_sec": 78471.45747545442,
  "final_loss": 41.022804260253906,
  "total_steps": 100,
  "success": true,
  "elapsed_time": 4.452125310897827
}