{
  "config": "BF16 + Compile + FlashAttn-FA2",
  "total_time": 3.130417823791504,
  "tokens_per_sec": 65422.57664248475,
  "final_loss": 44.544044494628906,
  "total_steps": 100,
  "success": true,
  "elapsed_time": 5.73288106918335
}