{
  "config": "BF16 + Compile + Normuon + FlashAttn-FA2",
  "total_time": 3.169445753097534,
  "tokens_per_sec": 64616.975949137704,
  "final_loss": 67.20613632202148,
  "total_steps": 100,
  "success": true,
  "elapsed_time": 5.7778050899505615
}