{
  "config": "BF16 + Compile + Normuon + FlashAttn-FA2 + QKNorm",
  "total_time": 3.1671230792999268,
  "tokens_per_sec": 64664.36411598812,
  "final_loss": 63.79208679199219,
  "total_steps": 100,
  "success": true,
  "elapsed_time": 5.757731199264526
}