{
  "config": "BF16 + Normuon + FlashAttn-FA2",
  "total_time": 2.157601833343506,
  "tokens_per_sec": 94920.2011395373,
  "final_loss": 71.61888198852539,
  "total_steps": 100,
  "success": true,
  "elapsed_time": 3.988069534301758
}