{
  "config": "BF16 + Compile + Normuon + FlashAttn-FA2 + QKNorm + AsyncData",
  "total_time": 3.1744399070739746,
  "tokens_per_sec": 64515.31797581686,
  "final_loss": 58.786564636230466,
  "total_steps": 100,
  "success": true,
  "elapsed_time": 5.774299621582031
}